{
  "sale": [
    {
      "name": "Coconut oil",
      "image": "./assets/images/Coconoil-Certified-Virgin-Organic-Coconut-Oil-1-574x575.png",
      "tagline": "It is actually slightly more powerful as it contains 22% vitamin C",
      "price": 30,
      "offer": "35",
      "id": "10000000046"
    },
    {
      "name": "Best Vitamin c",
      "image": "./assets/images/vitaminc.png",
      "tagline": "It is actually slightly more powerful as it contains 22% vitamin C",
      "price": 39,
      "offer": "30",
      "id": "10000000045"
    },
    {
      "name": "Refillable Container",
      "image": "./assets/images/refillablecontainer.png",
      "tagline": "It is actually slightly more powerful as it contains 22% vitamin C",
      "price": 20,
      "offer": "23",
      "id": "10000000049"
    },
    {
      "name": "Avalon organics Thickning Shampoo",
      "image": "./assets/images/refillablecontainer.png",
      "tagline": "It is actually slightly more powerful as it contains 22% vitamin C",
      "price": 20,
      "offer": "13",
      "id": "10000000044"
    },
    {
      "name": "Restoring Rosehip",
      "image": "./assets/images/some.png",
      "tagline": "It is actually slightly more powerful as it contains 22% vitamin C",
      "price": 30,
      "offer": "6",
      "id": "10000000050"
    }
  ],
  "cart": [
    {
      "name": "Avalon organics Thickning Shampoo",
      "image": "./assets/images/refillablecontainer.png",
      "tagline": "It is actually slightly more powerful as it contains 22% vitamin C",
      "price": 20,
      "offer": "13",
      "id": "10000000044",
      "count": 1
    }
  ]
}